01/01/2020 09:00,Leeds,Deborah Torres,"Regular Chai latte - 2.30, Regular Speciality Tea - English breakfast - 1.30",3.6,CASH,
01/01/2020 09:01,Leeds,Matthew Palmer,"Large Chai latte - 2.60, Regular Filter coffee - 1.50",4.1,CARD,5933193229653005
01/01/2020 09:03,Leeds,Mack Cendejas,"Large Speciality Tea - English breakfast - 1.60, Regular Speciality Tea - English breakfast - 1.30",2.9,CARD,2728142965312627
01/01/2020 09:04,Leeds,Thomas Williams,"Large Chai latte - 2.60, Large Iced americano - 2.50, Large Iced americano - 2.50",7.6,CARD,2992561142673829
01/01/2020 09:06,Leeds,Diane Ferree,Regular Hot Chocolate - 1.40,1.4,CARD,8040887016387571
01/01/2020 09:08,Leeds,Bruce Watts,"Regular Chai latte - 2.30, Regular Filter coffee - 1.50",3.8,CARD,2242609355870058
01/01/2020 09:09,Leeds,Sergio Vanmeter,"Regular Iced americano - 2.15, Regular Hot Chocolate - 1.40, Large Chai latte - 2.60, Regular Chai latte - 2.30, Regular Chai latte - 2.30",10.75,CARD,1548662802493776
01/01/2020 09:11,Leeds,Rosemary Wertman,"Regular Filter coffee - 1.50, Regular Hot Chocolate - 1.40, Regular Chai latte - 2.30, Large Hot Chocolate - 1.70, Regular Filter coffee - 1.50",8.4,CARD,6706719775839355
01/01/2020 09:12,Leeds,Marcia Mason,"Large Iced americano - 2.50, Regular Chai latte - 2.30",4.8,CARD,2590702625916811
01/01/2020 09:14,Leeds,John Hampton,"Regular Hot Chocolate - 1.40, Regular Speciality Tea - English breakfast - 1.30, Regular Chai latte - 2.30",5.0,CASH,
01/01/2020 09:16,Leeds,William Thompson,"Large Speciality Tea - English breakfast - 1.60, Regular Filter coffee - 1.50, Large Chai latte - 2.60, Large Speciality Tea - English breakfast - 1.60, Regular Iced americano - 2.15",9.45,CASH,
01/01/2020 09:17,Leeds,Carol Turk,"Regular Chai latte - 2.30, Regular Chai latte - 2.30",4.6,CASH,
01/01/2020 09:19,Leeds,Richard Redding,"Regular Hot Chocolate - 1.40, Large Filter coffee - 1.80, Regular Filter coffee - 1.50, Regular Iced americano - 2.15",6.85,CARD,4480989378432741
01/01/2020 09:21,Leeds,Jean Wontor,"Large Speciality Tea - English breakfast - 1.60, Large Iced americano - 2.50",4.1,CARD,3200299882476600
01/01/2020 09:22,Leeds,Rudy Joyce,"Large Filter coffee - 1.80, Regular Filter coffee - 1.50, Large Iced americano - 2.50",5.8,CARD,4557865396108473
01/01/2020 09:24,Leeds,Rebecca Cantu,"Large Iced americano - 2.50, Regular Hot Chocolate - 1.40, Large Chai latte - 2.60, Large Filter coffee - 1.80, Large Hot Chocolate - 1.70",10.0,CARD,9227524772037528
01/01/2020 09:25,Leeds,Robert Hargenrader,"Large Filter coffee - 1.80, Large Hot Chocolate - 1.70, Regular Chai latte - 2.30, Large Hot Chocolate - 1.70",7.5,CASH,
01/01/2020 09:27,Leeds,Aaron Cunningham,"Large Filter coffee - 1.80, Large Hot Chocolate - 1.70",3.5,CARD,1560104829895802
01/01/2020 09:29,Leeds,Richard Hood,"Large Iced americano - 2.50, Regular Iced americano - 2.15",4.65,CASH,
01/01/2020 09:30,Leeds,Jack Naz,"Large Filter coffee - 1.80, Large Chai latte - 2.60",4.4,CARD,7390304718251611
01/01/2020 09:32,Leeds,Joyce Smith,"Large Iced americano - 2.50, Large Iced americano - 2.50",5.0,CASH,
01/01/2020 09:33,Leeds,Craig Taylor,"Large Chai latte - 2.60, Large Filter coffee - 1.80",4.4,CARD,3522050732262883
01/01/2020 09:35,Leeds,Julie Grantham,"Regular Filter coffee - 1.50, Large Speciality Tea - English breakfast - 1.60, Regular Filter coffee - 1.50",4.6,CASH,
01/01/2020 09:37,Leeds,Rita Barginear,"Regular Filter coffee - 1.50, Large Speciality Tea - English breakfast - 1.60, Regular Filter coffee - 1.50",4.6,CARD,1441571473331481
01/01/2020 09:38,Leeds,Dana Bohnet,"Regular Filter coffee - 1.50, Large Chai latte - 2.60, Regular Chai latte - 2.30, Large Filter coffee - 1.80",8.2,CARD,2470055477927324
01/01/2020 09:40,Leeds,Anthony Canal,"Large Chai latte - 2.60, Large Speciality Tea - English breakfast - 1.60, Large Hot Chocolate - 1.70",5.9,CARD,4411258639668425
01/01/2020 09:42,Leeds,Sophie Blount,"Regular Hot Chocolate - 1.40, Regular Iced americano - 2.15",3.55,CASH,
01/01/2020 09:43,Leeds,Esther Lagrone,"Large Filter coffee - 1.80, Regular Filter coffee - 1.50, Regular Filter coffee - 1.50, Regular Filter coffee - 1.50, Regular Filter coffee - 1.50",7.8,CARD,4284260647253755
01/01/2020 09:45,Leeds,Randy Lemon,"Large Chai latte - 2.60, Regular Filter coffee - 1.50, Large Filter coffee - 1.80",5.9,CARD,6606565481203600
01/01/2020 09:46,Leeds,Douglas Siler,"Regular Filter coffee - 1.50, Regular Filter coffee - 1.50, Regular Chai latte - 2.30, Regular Hot Chocolate - 1.40, Regular Speciality Tea - English breakfast - 1.30",8.0,CARD,2535082020132645
01/01/2020 09:48,Leeds,Earl Nordahl,"Regular Iced americano - 2.15, Regular Speciality Tea - English breakfast - 1.30, Regular Iced americano - 2.15",5.6,CARD,7223501325128856
01/01/2020 09:50,Leeds,James Frink,Regular Iced americano - 2.15,2.15,CASH,
01/01/2020 09:51,Leeds,Roberta Follmer,Regular Chai latte - 2.30,2.3,CARD,2628668898025549
01/01/2020 09:53,Leeds,Richard Miles,"Regular Iced americano - 2.15, Regular Iced americano - 2.15, Large Hot Chocolate - 1.70, Large Iced americano - 2.50, Regular Hot Chocolate - 1.40",9.9,CARD,8891916618682620
01/01/2020 09:54,Leeds,Kasey Lewis,"Regular Hot Chocolate - 1.40, Large Chai latte - 2.60, Regular Speciality Tea - English breakfast - 1.30",5.3,CARD,1346850653647816
01/01/2020 09:56,Leeds,Jimmy Janosko,Large Filter coffee - 1.80,1.8,CARD,8840220753827972
01/01/2020 09:58,Leeds,Dustin Mosher,Large Iced americano - 2.50,2.5,CARD,7680262365797785
01/01/2020 09:59,Leeds,Frank Blythe,"Large Hot Chocolate - 1.70, Large Hot Chocolate - 1.70",3.4,CARD,4784812418201788
01/01/2020 10:01,Leeds,Katherine Dunn,"Regular Filter coffee - 1.50, Regular Filter coffee - 1.50, Large Hot Chocolate - 1.70, Regular Speciality Tea - English breakfast - 1.30",6.0,CASH,
01/01/2020 10:02,Leeds,David Martinez,"Large Iced americano - 2.50, Large Filter coffee - 1.80, Regular Filter coffee - 1.50",5.8,CARD,2805693751845216
01/01/2020 10:03,Leeds,Ryan Moye,Large Filter coffee - 1.80,1.8,CASH,
01/01/2020 10:04,Leeds,Michael Heidinger,"Regular Speciality Tea - English breakfast - 1.30, Large Iced americano - 2.50",3.8,CASH,
01/01/2020 10:05,Leeds,Beverly Gentry,Regular Iced americano - 2.15,2.15,CARD,5896564099704594
01/01/2020 10:06,Leeds,Janet Shell,"Large Speciality Tea - English breakfast - 1.60, Large Hot Chocolate - 1.70, Regular Hot Chocolate - 1.40",4.7,CARD,4607718246600236
01/01/2020 10:07,Leeds,Scot Asher,"Regular Chai latte - 2.30, Regular Iced americano - 2.15, Regular Filter coffee - 1.50, Regular Chai latte - 2.30, Large Speciality Tea - English breakfast - 1.60",9.85,CARD,6682746374313154
01/01/2020 10:08,Leeds,Laura Sur,"Regular Chai latte - 2.30, Regular Speciality Tea - English breakfast - 1.30, Regular Speciality Tea - English breakfast - 1.30, Large Iced americano - 2.50, Large Filter coffee - 1.80",9.2,CASH,
01/01/2020 10:09,Leeds,Linda Sweat,"Regular Chai latte - 2.30, Regular Hot Chocolate - 1.40, Regular Filter coffee - 1.50, Large Filter coffee - 1.80",7.0,CARD,7004757188896726
01/01/2020 10:11,Leeds,Jennie Layden,"Large Hot Chocolate - 1.70, Regular Hot Chocolate - 1.40, Large Chai latte - 2.60, Regular Chai latte - 2.30, Regular Speciality Tea - English breakfast - 1.30",9.3,CARD,7566873804741600
01/01/2020 10:12,Leeds,Wilson Goodman,"Regular Speciality Tea - English breakfast - 1.30, Large Chai latte - 2.60, Regular Speciality Tea - English breakfast - 1.30",5.2,CASH,
01/01/2020 10:13,Leeds,Michael Robinson,"Large Chai latte - 2.60, Regular Chai latte - 2.30, Regular Filter coffee - 1.50, Large Filter coffee - 1.80",8.2,CASH,
01/01/2020 10:14,Leeds,Charles Woodward,"Regular Iced americano - 2.15, Large Speciality Tea - English breakfast - 1.60, Large Chai latte - 2.60, Regular Speciality Tea - English breakfast - 1.30, Large Chai latte - 2.60, Regular Iced americano - 2.15",12.4,CASH,
01/01/2020 10:15,Leeds,Marion Fender,Regular Filter coffee - 1.50,1.5,CARD,9343702983130760
01/01/2020 10:16,Leeds,Roy Mitchell,"Large Filter coffee - 1.80, Large Iced americano - 2.50",4.3,CARD,2380986651189373
01/01/2020 10:17,Leeds,Emily Connolly,"Large Hot Chocolate - 1.70, Large Chai latte - 2.60, Large Iced americano - 2.50",6.8,CARD,6824324237016536
01/01/2020 10:18,Leeds,Jolene Collins,"Large Chai latte - 2.60, Regular Iced americano - 2.15, Large Iced americano - 2.50, Large Chai latte - 2.60, Large Hot Chocolate - 1.70",11.55,CARD,7484757738995002
01/01/2020 10:19,Leeds,Michael Carr,"Regular Iced americano - 2.15, Regular Iced americano - 2.15, Large Iced americano - 2.50, Regular Chai latte - 2.30, Regular Iced americano - 2.15, Large Chai latte - 2.60",13.85,CARD,7443504702560519
01/01/2020 10:20,Leeds,Gregory Perkins,"Regular Hot Chocolate - 1.40, Regular Speciality Tea - English breakfast - 1.30, Large Speciality Tea - English breakfast - 1.60, Regular Iced americano - 2.15",6.45,CARD,2636134693674478
01/01/2020 10:21,Leeds,Raymond Fisher,"Regular Chai latte - 2.30, Large Chai latte - 2.60, Regular Iced americano - 2.15, Regular Filter coffee - 1.50, Large Iced americano - 2.50, Regular Speciality Tea - English breakfast - 1.30",12.35,CARD,8228201398659465
01/01/2020 10:22,Leeds,Bryan Green,"Large Speciality Tea - English breakfast - 1.60, Regular Chai latte - 2.30, Regular Filter coffee - 1.50, Regular Iced americano - 2.15",7.55,CARD,5714074179942310
01/01/2020 10:23,Leeds,Robert Thompson,"Regular Chai latte - 2.30, Regular Hot Chocolate - 1.40",3.7,CARD,1144169261551699
01/01/2020 10:24,Leeds,Karen Valdivia,Regular Hot Chocolate - 1.40,1.4,CASH,
01/01/2020 10:25,Leeds,Richard Addison,Regular Speciality Tea - English breakfast - 1.30,1.3,CARD,6586205929722128
01/01/2020 10:27,Leeds,Jesus Hunter,"Regular Speciality Tea - English breakfast - 1.30, Regular Iced americano - 2.15, Large Speciality Tea - English breakfast - 1.60, Regular Speciality Tea - English breakfast - 1.30, Regular Speciality Tea - English breakfast - 1.30",7.65,CASH,
01/01/2020 10:28,Leeds,Armandina Averette,"Regular Chai latte - 2.30, Large Chai latte - 2.60, Regular Speciality Tea - English breakfast - 1.30, Regular Chai latte - 2.30, Large Filter coffee - 1.80",10.3,CARD,7147187558794657
01/01/2020 10:29,Leeds,Edward Mcnaughton,Regular Filter coffee - 1.50,1.5,CASH,
01/01/2020 10:30,Leeds,Suzanne Hernandez,Regular Speciality Tea - English breakfast - 1.30,1.3,CARD,3741177461599660
01/01/2020 10:31,Leeds,Kenneth Meyer,Large Iced americano - 2.50,2.5,CARD,7771338682601845
01/01/2020 10:32,Leeds,Jessica Frisbie,"Large Hot Chocolate - 1.70, Regular Iced americano - 2.15, Regular Speciality Tea - English breakfast - 1.30",5.15,CARD,6373766296684685
01/01/2020 10:33,Leeds,Earl Reynolds,"Large Filter coffee - 1.80, Large Chai latte - 2.60",4.4,CARD,5662537410685738
01/01/2020 10:34,Leeds,Emily Piatek,"Regular Chai latte - 2.30, Regular Filter coffee - 1.50, Regular Hot Chocolate - 1.40",5.2,CARD,7354010555280277
01/01/2020 10:35,Leeds,Thersa Scrivner,"Regular Hot Chocolate - 1.40, Large Speciality Tea - English breakfast - 1.60, Regular Filter coffee - 1.50",4.5,CARD,3929828857426564
01/01/2020 10:36,Leeds,Robt Odonnell,"Large Hot Chocolate - 1.70, Regular Chai latte - 2.30",4.0,CARD,9310736696219218
01/01/2020 10:37,Leeds,Jessica Carodine,Regular Filter coffee - 1.50,1.5,CARD,2314337067198780
01/01/2020 10:38,Leeds,Marie Truitt,"Large Chai latte - 2.60, Large Filter coffee - 1.80",4.4,CARD,3051193073071957
01/01/2020 10:39,Leeds,Alvin Pecora,Large Filter coffee - 1.80,1.8,CASH,
01/01/2020 10:40,Leeds,Paul Lloyd,"Large Speciality Tea - English breakfast - 1.60, Large Hot Chocolate - 1.70, Regular Chai latte - 2.30, Regular Speciality Tea - English breakfast - 1.30",6.9,CASH,
01/01/2020 10:41,Leeds,James Connell,"Large Iced americano - 2.50, Large Filter coffee - 1.80",4.3,CASH,
01/01/2020 10:43,Leeds,Margaret Dunn,"Large Filter coffee - 1.80, Regular Iced americano - 2.15",3.95,CARD,3607972904711216
01/01/2020 10:44,Leeds,Kenneth Barke,Regular Iced americano - 2.15,2.15,CARD,3546846972833010
01/01/2020 10:45,Leeds,Rachel Francis,"Large Filter coffee - 1.80, Regular Chai latte - 2.30, Regular Filter coffee - 1.50, Large Chai latte - 2.60, Large Hot Chocolate - 1.70",9.9,CARD,7533448067565951
01/01/2020 10:46,Leeds,Marth Lee,"Large Filter coffee - 1.80, Regular Hot Chocolate - 1.40, Large Hot Chocolate - 1.70",4.9,CASH,
01/01/2020 10:47,Leeds,Richard Hall,"Large Chai latte - 2.60, Regular Chai latte - 2.30, Large Chai latte - 2.60",7.5,CARD,1788873206595924
01/01/2020 10:48,Leeds,Rose Guerrero,"Regular Speciality Tea - English breakfast - 1.30, Regular Chai latte - 2.30, Large Speciality Tea - English breakfast - 1.60",5.2,CARD,8695017689281666
01/01/2020 10:49,Leeds,Goldie Wilenkin,Large Chai latte - 2.60,2.6,CASH,
01/01/2020 10:50,Leeds,Kenneth Vaughn,"Large Filter coffee - 1.80, Large Hot Chocolate - 1.70",3.5,CARD,5153974879547893
01/01/2020 10:51,Leeds,James Carter,Large Speciality Tea - English breakfast - 1.60,1.6,CARD,7010117390185534
01/01/2020 10:52,Leeds,Mary Tobin,"Regular Iced americano - 2.15, Large Filter coffee - 1.80, Regular Speciality Tea - English breakfast - 1.30, Regular Speciality Tea - English breakfast - 1.30",6.55,CARD,4591350374817296
01/01/2020 10:53,Leeds,Jill Bell,"Regular Chai latte - 2.30, Large Iced americano - 2.50",4.8,CARD,4654242644965917
01/01/2020 10:54,Leeds,Greg Spearman,"Regular Speciality Tea - English breakfast - 1.30, Regular Iced americano - 2.15, Large Filter coffee - 1.80",5.25,CARD,1996430557761618
01/01/2020 10:55,Leeds,Margarito Torres,"Regular Iced americano - 2.15, Large Hot Chocolate - 1.70",3.85,CARD,8806209107570692
01/01/2020 10:56,Leeds,Albert Grossetete,"Large Speciality Tea - English breakfast - 1.60, Regular Speciality Tea - English breakfast - 1.30, Regular Chai latte - 2.30, Large Filter coffee - 1.80",7.0,CARD,6366168962927193
01/01/2020 10:57,Leeds,Nancy Braxton,"Regular Hot Chocolate - 1.40, Large Filter coffee - 1.80, Regular Speciality Tea - English breakfast - 1.30, Large Hot Chocolate - 1.70, Large Iced americano - 2.50",8.7,CARD,8335630471890581
01/01/2020 10:59,Leeds,Paul Yates,Regular Speciality Tea - English breakfast - 1.30,1.3,CARD,7394946725643543
01/01/2020 11:00,Leeds,Elizabeth Marrero,"Large Speciality Tea - English breakfast - 1.60, Regular Speciality Tea - English breakfast - 1.30, Large Speciality Tea - English breakfast - 1.60",4.5,CASH,
01/01/2020 11:04,Leeds,Stanley Melillo,"Large Hot Chocolate - 1.70, Regular Speciality Tea - English breakfast - 1.30, Large Hot Chocolate - 1.70",4.7,CARD,5334025061843190
01/01/2020 11:08,Leeds,Roderick Dillon,Large Chai latte - 2.60,2.6,CARD,9106470430698406
01/01/2020 11:12,Leeds,Barbara Mckibben,"Regular Filter coffee - 1.50, Large Filter coffee - 1.80, Regular Chai latte - 2.30, Large Filter coffee - 1.80",7.4,CARD,1025824694435047
01/01/2020 11:16,Leeds,Diane Thomas,"Large Chai latte - 2.60, Regular Hot Chocolate - 1.40, Regular Chai latte - 2.30, Regular Filter coffee - 1.50, Regular Chai latte - 2.30",10.1,CARD,8058095602184448
01/01/2020 11:20,Leeds,Alfredo Williams,"Large Filter coffee - 1.80, Large Chai latte - 2.60, Large Iced americano - 2.50, Regular Iced americano - 2.15",9.05,CARD,4081774797014120
01/01/2020 11:24,Leeds,Stephanie Smith,"Large Hot Chocolate - 1.70, Regular Chai latte - 2.30, Regular Hot Chocolate - 1.40",5.4,CARD,8872775580798184
01/01/2020 11:28,Leeds,Irma Estrada,"Regular Hot Chocolate - 1.40, Regular Iced americano - 2.15, Regular Filter coffee - 1.50, Regular Chai latte - 2.30, Regular Chai latte - 2.30",9.65,CARD,5665587406527859
01/01/2020 11:32,Leeds,Charles Lawrence,"Regular Speciality Tea - English breakfast - 1.30, Regular Chai latte - 2.30, Large Hot Chocolate - 1.70",5.3,CASH,
01/01/2020 11:36,Leeds,Charlotte Cook,Large Filter coffee - 1.80,1.8,CASH,
01/01/2020 11:40,Leeds,Douglas Zoltek,"Large Hot Chocolate - 1.70, Regular Filter coffee - 1.50, Regular Speciality Tea - English breakfast - 1.30, Regular Iced americano - 2.15",6.65,CARD,3305236732904063
01/01/2020 11:44,Leeds,Heather Martinez,"Large Hot Chocolate - 1.70, Regular Iced americano - 2.15, Large Filter coffee - 1.80",5.65,CARD,6056805393714621
01/01/2020 11:48,Leeds,Michael Turkus,Regular Chai latte - 2.30,2.3,CARD,5446031512291515
01/01/2020 11:52,Leeds,Christopher Rakes,Large Iced americano - 2.50,2.5,CARD,2350256731643694
01/01/2020 11:56,Leeds,Irwin Mosley,"Large Filter coffee - 1.80, Regular Filter coffee - 1.50, Large Hot Chocolate - 1.70",5.0,CARD,5073108597250217
01/01/2020 12:00,Leeds,Earl Lee,"Regular Chai latte - 2.30, Large Iced americano - 2.50, Large Chai latte - 2.60",7.4,CASH,
01/01/2020 12:01,Leeds,Jean Auston,"Large Hot Chocolate - 1.70, Large Chai latte - 2.60",4.3,CARD,7489154811509364
01/01/2020 12:03,Leeds,Ronald Jones,Regular Speciality Tea - English breakfast - 1.30,1.3,CARD,8676291825688411
01/01/2020 12:05,Leeds,Samuel Broussard,Large Filter coffee - 1.80,1.8,CARD,9222567762338360
01/01/2020 12:06,Leeds,Joseph Lutz,Regular Chai latte - 2.30,2.3,CARD,4771249713376427
01/01/2020 12:08,Leeds,Mary Lutz,"Regular Speciality Tea - English breakfast - 1.30, Large Chai latte - 2.60, Large Hot Chocolate - 1.70, Regular Filter coffee - 1.50",7.1,CASH,
01/01/2020 12:10,Leeds,Fanny Decker,"Large Hot Chocolate - 1.70, Large Chai latte - 2.60",4.3,CARD,8105489521235981
01/01/2020 12:11,Leeds,Luis Thurman,"Large Chai latte - 2.60, Large Iced americano - 2.50",5.1,CARD,8032637640568194
01/01/2020 12:13,Leeds,Erica Harris,Large Hot Chocolate - 1.70,1.7,CARD,9298369939424922
01/01/2020 12:15,Leeds,Florence Folk,"Regular Chai latte - 2.30, Large Filter coffee - 1.80, Regular Filter coffee - 1.50, Regular Filter coffee - 1.50, Large Hot Chocolate - 1.70",8.8,CASH,
01/01/2020 12:16,Leeds,Amelia Nava,Large Iced americano - 2.50,2.5,CARD,3504252948996142
01/01/2020 12:18,Leeds,Angelica Casteel,Large Filter coffee - 1.80,1.8,CARD,2546476845705942
01/01/2020 12:20,Leeds,Robert Monson,"Regular Chai latte - 2.30, Regular Filter coffee - 1.50",3.8,CARD,7714879120507016
01/01/2020 12:21,Leeds,Glenn Sanders,"Large Speciality Tea - English breakfast - 1.60, Regular Hot Chocolate - 1.40",3.0,CARD,3349621013787476
01/01/2020 12:23,Leeds,Brad Cass,"Large Filter coffee - 1.80, Large Filter coffee - 1.80, Regular Hot Chocolate - 1.40, Large Filter coffee - 1.80, Regular Filter coffee - 1.50, Large Speciality Tea - English breakfast - 1.60",9.9,CASH,
01/01/2020 12:25,Leeds,Joseph Hobson,"Regular Hot Chocolate - 1.40, Regular Speciality Tea - English breakfast - 1.30, Regular Filter coffee - 1.50",4.2,CARD,2426054886794253
01/01/2020 12:26,Leeds,Dolores Giuliano,"Large Speciality Tea - English breakfast - 1.60, Regular Hot Chocolate - 1.40, Regular Iced americano - 2.15",5.15,CARD,2764201116861020
01/01/2020 12:28,Leeds,Christine Kenimer,"Regular Filter coffee - 1.50, Large Iced americano - 2.50, Regular Speciality Tea - English breakfast - 1.30, Large Chai latte - 2.60",7.9,CARD,7324512334709061
01/01/2020 12:30,Leeds,William Smith,"Large Hot Chocolate - 1.70, Large Chai latte - 2.60, Regular Speciality Tea - English breakfast - 1.30",5.6,CARD,7621326225899482
01/01/2020 12:31,Leeds,Jacob Nesbitt,"Large Iced americano - 2.50, Large Iced americano - 2.50",5.0,CARD,1133627486653635
01/01/2020 12:33,Leeds,Dessie Lynch,"Large Filter coffee - 1.80, Regular Hot Chocolate - 1.40, Regular Speciality Tea - English breakfast - 1.30, Large Hot Chocolate - 1.70",6.2,CARD,6028068231907383
01/01/2020 12:35,Leeds,Betty Figueroa,Large Speciality Tea - English breakfast - 1.60,1.6,CARD,9445408869799086
01/01/2020 12:36,Leeds,Mildred Barton,"Regular Hot Chocolate - 1.40, Regular Iced americano - 2.15, Large Chai latte - 2.60",6.15,CASH,
01/01/2020 12:38,Leeds,Alberto Perkins,"Large Iced americano - 2.50, Regular Speciality Tea - English breakfast - 1.30",3.8,CARD,1662780143785581
01/01/2020 12:40,Leeds,Nereida Hood,"Regular Iced americano - 2.15, Large Hot Chocolate - 1.70, Large Hot Chocolate - 1.70, Large Iced americano - 2.50",8.05,CARD,3988556704791450
01/01/2020 12:41,Leeds,Dawn Vasquez,Regular Hot Chocolate - 1.40,1.4,CARD,4779164329334346
01/01/2020 12:43,Leeds,John Grimes,"Regular Filter coffee - 1.50, Regular Hot Chocolate - 1.40, Regular Speciality Tea - English breakfast - 1.30",4.2,CASH,
01/01/2020 12:45,Leeds,Camilla Brooks,"Regular Filter coffee - 1.50, Regular Filter coffee - 1.50",3.0,CARD,8029125592109320
01/01/2020 12:46,Leeds,Jessie Gentsy,"Large Hot Chocolate - 1.70, Large Filter coffee - 1.80",3.5,CARD,7937405512262768
01/01/2020 12:48,Leeds,Jasmine Merritt,Regular Iced americano - 2.15,2.15,CARD,9561001988886457
01/01/2020 12:50,Leeds,Barry Harris,"Large Chai latte - 2.60, Large Chai latte - 2.60, Regular Speciality Tea - English breakfast - 1.30, Regular Iced americano - 2.15",8.65,CARD,4323590777353725
01/01/2020 12:51,Leeds,Larry Yi,"Large Speciality Tea - English breakfast - 1.60, Regular Hot Chocolate - 1.40, Large Iced americano - 2.50, Regular Chai latte - 2.30",7.8,CARD,5976432899162933
01/01/2020 12:53,Leeds,Juanita Mcnaughton,"Large Iced americano - 2.50, Regular Iced americano - 2.15",4.65,CARD,5562701307987581
01/01/2020 12:55,Leeds,Joyce Bone,Large Iced americano - 2.50,2.5,CASH,
01/01/2020 12:56,Leeds,Timothy Fenton,"Regular Speciality Tea - English breakfast - 1.30, Large Filter coffee - 1.80, Large Chai latte - 2.60, Regular Speciality Tea - English breakfast - 1.30, Large Speciality Tea - English breakfast - 1.60, Large Iced americano - 2.50",11.1,CARD,9748403462923762
01/01/2020 12:58,Leeds,Edythe Daniels,"Regular Chai latte - 2.30, Regular Hot Chocolate - 1.40, Regular Chai latte - 2.30",6.0,CASH,
01/01/2020 13:00,Leeds,Jeremy Hale,"Large Iced americano - 2.50, Large Speciality Tea - English breakfast - 1.60",4.1,CARD,4807258472177844
01/01/2020 13:00,Leeds,Deborah Shultz,"Regular Filter coffee - 1.50, Large Chai latte - 2.60, Regular Speciality Tea - English breakfast - 1.30, Regular Hot Chocolate - 1.40",6.8,CARD,1221378389540535
01/01/2020 13:01,Leeds,Patrick Boger,"Large Chai latte - 2.60, Regular Filter coffee - 1.50, Large Chai latte - 2.60, Large Chai latte - 2.60",9.3,CASH,
01/01/2020 13:02,Leeds,Phillip Gibbs,"Large Filter coffee - 1.80, Regular Filter coffee - 1.50, Regular Chai latte - 2.30",5.6,CASH,
01/01/2020 13:03,Leeds,Larue Barnes,Regular Iced americano - 2.15,2.15,CASH,
01/01/2020 13:04,Leeds,Julie Massanelli,Large Iced americano - 2.50,2.5,CARD,5111472490363514
01/01/2020 13:05,Leeds,Ryan Lewis,"Regular Speciality Tea - English breakfast - 1.30, Large Filter coffee - 1.80, Regular Hot Chocolate - 1.40",4.5,CARD,1782945036257565
01/01/2020 13:05,Leeds,Mary Gowins,"Regular Filter coffee - 1.50, Regular Hot Chocolate - 1.40, Large Chai latte - 2.60, Regular Iced americano - 2.15",7.65,CARD,3808267838391400
01/01/2020 13:06,Leeds,Carl Bell,"Regular Filter coffee - 1.50, Regular Filter coffee - 1.50",3.0,CARD,9433682807015091
01/01/2020 13:07,Leeds,Maria Bryant,Large Hot Chocolate - 1.70,1.7,CARD,9932055369443235
01/01/2020 13:08,Leeds,Joyce Atwell,"Regular Filter coffee - 1.50, Large Filter coffee - 1.80, Regular Filter coffee - 1.50, Large Filter coffee - 1.80, Large Filter coffee - 1.80, Regular Chai latte - 2.30",10.7,CASH,
01/01/2020 13:09,Leeds,Dennis Ripp,"Large Filter coffee - 1.80, Regular Speciality Tea - English breakfast - 1.30, Regular Chai latte - 2.30, Large Hot Chocolate - 1.70",7.1,CARD,1336896051230669
01/01/2020 13:10,Leeds,Kimi Ankney,"Regular Chai latte - 2.30, Large Iced americano - 2.50, Regular Iced americano - 2.15, Regular Iced americano - 2.15, Regular Hot Chocolate - 1.40",10.5,CARD,9690859981857112
01/01/2020 13:10,Leeds,Diana Gonzalez,"Regular Iced americano - 2.15, Regular Speciality Tea - English breakfast - 1.30, Regular Chai latte - 2.30, Regular Speciality Tea - English breakfast - 1.30, Large Filter coffee - 1.80",8.85,CASH,
01/01/2020 13:11,Leeds,Sherry Brinson,"Large Speciality Tea - English breakfast - 1.60, Regular Filter coffee - 1.50, Regular Speciality Tea - English breakfast - 1.30",4.4,CARD,8282198106471239
01/01/2020 13:12,Leeds,Wesley Galaviz,Regular Speciality Tea - English breakfast - 1.30,1.3,CARD,2667635445582291
01/01/2020 13:13,Leeds,Mary Samayoa,"Regular Hot Chocolate - 1.40, Regular Filter coffee - 1.50, Large Filter coffee - 1.80, Large Filter coffee - 1.80, Regular Chai latte - 2.30, Regular Chai latte - 2.30",11.1,CARD,1768833998768555
01/01/2020 13:14,Leeds,James Ingle,"Large Iced americano - 2.50, Regular Chai latte - 2.30, Large Speciality Tea - English breakfast - 1.60",6.4,CARD,4901042925215844
01/01/2020 13:15,Leeds,Robert Macneil,"Large Chai latte - 2.60, Regular Filter coffee - 1.50, Large Filter coffee - 1.80, Regular Chai latte - 2.30",8.2,CARD,9350128770751260
01/01/2020 13:15,Leeds,David Rose,"Large Iced americano - 2.50, Regular Hot Chocolate - 1.40, Regular Iced americano - 2.15",6.05,CARD,1772450859469752
01/01/2020 13:16,Leeds,Marguerite Proctor,"Large Filter coffee - 1.80, Regular Speciality Tea - English breakfast - 1.30, Large Speciality Tea - English breakfast - 1.60, Regular Filter coffee - 1.50, Regular Iced americano - 2.15",8.35,CARD,2585397626933338
01/01/2020 13:17,Leeds,Margaret Daniel,Large Filter coffee - 1.80,1.8,CARD,7667152212019357
01/01/2020 13:18,Leeds,Veronica Hornyak,Large Speciality Tea - English breakfast - 1.60,1.6,CASH,
01/01/2020 13:19,Leeds,Christian Venegas,"Large Speciality Tea - English breakfast - 1.60, Regular Hot Chocolate - 1.40, Large Filter coffee - 1.80",4.8,CASH,
01/01/2020 13:20,Leeds,Doyle Simpson,Regular Hot Chocolate - 1.40,1.4,CARD,4041528785587836
01/01/2020 13:20,Leeds,William Fitzpatrick,"Regular Filter coffee - 1.50, Large Speciality Tea - English breakfast - 1.60, Regular Hot Chocolate - 1.40",4.5,CARD,6764095021726193
01/01/2020 13:21,Leeds,Amanda Brousseau,"Large Filter coffee - 1.80, Large Chai latte - 2.60, Large Hot Chocolate - 1.70, Regular Chai latte - 2.30, Large Filter coffee - 1.80",10.2,CASH,
01/01/2020 13:22,Leeds,Georgia Barth,Regular Filter coffee - 1.50,1.5,CASH,
01/01/2020 13:23,Leeds,Ted Lundgren,"Large Filter coffee - 1.80, Large Iced americano - 2.50, Regular Iced americano - 2.15, Regular Chai latte - 2.30, Large Chai latte - 2.60, Large Iced americano - 2.50",13.85,CARD,1148868699423416
01/01/2020 13:24,Leeds,Gary Oleary,Large Chai latte - 2.60,2.6,CARD,8316887982969318
01/01/2020 13:25,Leeds,Eleanor Bacon,"Large Chai latte - 2.60, Regular Filter coffee - 1.50",4.1,CARD,5247569259961812
01/01/2020 13:25,Leeds,Michael Benjamin,"Regular Iced americano - 2.15, Regular Iced americano - 2.15, Regular Speciality Tea - English breakfast - 1.30, Large Chai latte - 2.60",8.2,CARD,7084795950669112
01/01/2020 13:26,Leeds,Carol Flores,"Large Filter coffee - 1.80, Regular Filter coffee - 1.50, Regular Hot Chocolate - 1.40",4.7,CARD,4698550953941256
01/01/2020 13:27,Leeds,Joseph Eberheart,Regular Chai latte - 2.30,2.3,CASH,
01/01/2020 13:28,Leeds,Louise Seal,"Large Filter coffee - 1.80, Large Chai latte - 2.60, Regular Hot Chocolate - 1.40, Large Iced americano - 2.50",8.3,CASH,
01/01/2020 13:29,Leeds,Gregory Rigsby,"Regular Speciality Tea - English breakfast - 1.30, Large Chai latte - 2.60, Large Filter coffee - 1.80, Large Hot Chocolate - 1.70, Regular Iced americano - 2.15",9.55,CARD,3826771169111431
01/01/2020 13:30,Leeds,Anna Tappen,"Large Iced americano - 2.50, Large Chai latte - 2.60, Large Speciality Tea - English breakfast - 1.60, Regular Chai latte - 2.30, Large Hot Chocolate - 1.70, Large Speciality Tea - English breakfast - 1.60",12.3,CARD,3534194063620589
01/01/2020 13:30,Leeds,Letitia Edwards,"Large Hot Chocolate - 1.70, Large Hot Chocolate - 1.70, Regular Hot Chocolate - 1.40",4.8,CASH,
01/01/2020 13:31,Leeds,Roger Macias,"Regular Iced americano - 2.15, Large Hot Chocolate - 1.70, Large Iced americano - 2.50",6.35,CASH,
01/01/2020 13:32,Leeds,Rebecca Schweitzer,"Regular Hot Chocolate - 1.40, Large Speciality Tea - English breakfast - 1.60, Regular Chai latte - 2.30",5.3,CASH,
01/01/2020 13:33,Leeds,David Loving,"Regular Chai latte - 2.30, Regular Filter coffee - 1.50, Large Iced americano - 2.50, Regular Hot Chocolate - 1.40",7.7,CASH,
01/01/2020 13:34,Leeds,Perry Carpenter,"Large Speciality Tea - English breakfast - 1.60, Large Chai latte - 2.60, Large Iced americano - 2.50, Large Hot Chocolate - 1.70, Regular Chai latte - 2.30, Regular Speciality Tea - English breakfast - 1.30",12.0,CARD,8056226472457372
01/01/2020 13:35,Leeds,William Horn,Large Speciality Tea - English breakfast - 1.60,1.6,CARD,3219150953461132
01/01/2020 13:35,Leeds,Albert Carpenter,"Regular Hot Chocolate - 1.40, Regular Iced americano - 2.15, Large Chai latte - 2.60, Large Hot Chocolate - 1.70, Regular Filter coffee - 1.50",9.35,CARD,4225598702831259
01/01/2020 13:36,Leeds,Jerome Spence,"Regular Iced americano - 2.15, Large Filter coffee - 1.80",3.95,CASH,
01/01/2020 13:37,Leeds,Amanda Brigham,Large Iced americano - 2.50,2.5,CASH,
01/01/2020 13:38,Leeds,Virginia Hensley,Regular Speciality Tea - English breakfast - 1.30,1.3,CARD,4612390589289226
01/01/2020 13:39,Leeds,Steve Holien,"Large Hot Chocolate - 1.70, Large Hot Chocolate - 1.70",3.4,CARD,1639501749454456
01/01/2020 13:40,Leeds,Nola Haist,Regular Filter coffee - 1.50,1.5,CARD,6755256201856869
01/01/2020 13:40,Leeds,Alba Bernhardt,Regular Speciality Tea - English breakfast - 1.30,1.3,CASH,
01/01/2020 13:41,Leeds,Stephen Zigmond,"Regular Iced americano - 2.15, Regular Hot Chocolate - 1.40, Large Iced americano - 2.50, Regular Hot Chocolate - 1.40",7.45,CARD,8990263023314138
01/01/2020 13:42,Leeds,Thomas Lee,Regular Chai latte - 2.30,2.3,CARD,8651875825476133
01/01/2020 13:43,Leeds,Stephen Hedgecock,"Large Iced americano - 2.50, Large Filter coffee - 1.80",4.3,CARD,6174035204062270
01/01/2020 13:44,Leeds,Todd Whitlow,"Large Hot Chocolate - 1.70, Large Chai latte - 2.60, Large Speciality Tea - English breakfast - 1.60, Large Hot Chocolate - 1.70, Large Filter coffee - 1.80, Large Speciality Tea - English breakfast - 1.60",11.0,CARD,7217359139961535
01/01/2020 13:45,Leeds,Richard Myles,"Large Hot Chocolate - 1.70, Regular Hot Chocolate - 1.40, Regular Iced americano - 2.15",5.25,CARD,2372989996106096
01/01/2020 13:45,Leeds,Morris Colon,Regular Hot Chocolate - 1.40,1.4,CARD,6338337518405188
01/01/2020 13:46,Leeds,Misty Bratcher,"Large Filter coffee - 1.80, Large Filter coffee - 1.80",3.6,CARD,4721647178709724
01/01/2020 13:47,Leeds,Richard Richardson,"Large Chai latte - 2.60, Regular Chai latte - 2.30",4.9,CASH,
01/01/2020 13:48,Leeds,Dana Deering,Large Iced americano - 2.50,2.5,CARD,7414080107453559
01/01/2020 13:49,Leeds,Gene Brooks,"Regular Speciality Tea - English breakfast - 1.30, Large Hot Chocolate - 1.70",3.0,CARD,5922855938125254
01/01/2020 13:50,Leeds,Sharon Mcculloch,"Large Filter coffee - 1.80, Regular Chai latte - 2.30, Large Iced americano - 2.50, Large Chai latte - 2.60, Large Speciality Tea - English breakfast - 1.60",10.8,CASH,
01/01/2020 13:50,Leeds,Janell Yopp,"Large Speciality Tea - English breakfast - 1.60, Regular Chai latte - 2.30, Regular Filter coffee - 1.50",5.4,CASH,
01/01/2020 13:51,Leeds,John Rodriguez,"Large Filter coffee - 1.80, Large Hot Chocolate - 1.70, Large Iced americano - 2.50, Large Filter coffee - 1.80",7.8,CARD,1664987245438502
01/01/2020 13:52,Leeds,Frank Dahlstrom,"Large Filter coffee - 1.80, Regular Hot Chocolate - 1.40",3.2,CARD,3601659114876805
01/01/2020 13:53,Leeds,Kelly Mcginnis,"Regular Chai latte - 2.30, Large Iced americano - 2.50, Large Iced americano - 2.50",7.3,CARD,6333659365320619
01/01/2020 13:54,Leeds,Joann Hines,Large Hot Chocolate - 1.70,1.7,CARD,1455119857957803
01/01/2020 13:55,Leeds,Anthony Ferguson,Large Chai latte - 2.60,2.6,CARD,5083289740351920
01/01/2020 13:55,Leeds,Doris Miller,"Large Hot Chocolate - 1.70, Large Iced americano - 2.50, Large Speciality Tea - English breakfast - 1.60",5.8,CARD,4600302127680385
01/01/2020 13:56,Leeds,Joseph Bernal,Regular Chai latte - 2.30,2.3,CARD,5843257345341782
01/01/2020 13:57,Leeds,Santina Finley,"Regular Speciality Tea - English breakfast - 1.30, Large Speciality Tea - English breakfast - 1.60",2.9,CARD,9661325507178700
01/01/2020 13:58,Leeds,Florence Grenier,"Large Hot Chocolate - 1.70, Regular Filter coffee - 1.50, Regular Chai latte - 2.30, Large Filter coffee - 1.80",7.3,CARD,9483941971249228
01/01/2020 13:59,Leeds,Douglas Lumpkin,"Regular Filter coffee - 1.50, Large Hot Chocolate - 1.70",3.2,CASH,
01/01/2020 14:00,Leeds,John Randhawa,Regular Filter coffee - 1.50,1.5,CARD,1443093245598067
01/01/2020 14:01,Leeds,Dianne Rankins,"Regular Chai latte - 2.30, Large Chai latte - 2.60",4.9,CARD,1306643888054039
01/01/2020 14:02,Leeds,Angelena Coonrod,"Large Chai latte - 2.60, Regular Hot Chocolate - 1.40",4.0,CARD,2941407514915590
01/01/2020 14:02,Leeds,Ester Cottrell,"Regular Speciality Tea - English breakfast - 1.30, Regular Filter coffee - 1.50, Large Chai latte - 2.60",5.4,CARD,4519803688278805
01/01/2020 14:03,Leeds,Paul Willaims,"Regular Speciality Tea - English breakfast - 1.30, Large Chai latte - 2.60, Regular Speciality Tea - English breakfast - 1.30, Regular Iced americano - 2.15, Regular Speciality Tea - English breakfast - 1.30",8.65,CARD,7482554196901460
01/01/2020 14:04,Leeds,Joaquin Micheau,"Large Chai latte - 2.60, Large Speciality Tea - English breakfast - 1.60, Regular Hot Chocolate - 1.40",5.6,CASH,
01/01/2020 14:05,Leeds,Arnold Golightly,Large Iced americano - 2.50,2.5,CARD,1927502603601786
01/01/2020 14:06,Leeds,Donna Glowacky,Large Hot Chocolate - 1.70,1.7,CASH,
01/01/2020 14:07,Leeds,Joseph Jordan,Large Filter coffee - 1.80,1.8,CARD,2935478117776131
01/01/2020 14:08,Leeds,Thomas Matthews,"Large Speciality Tea - English breakfast - 1.60, Regular Speciality Tea - English breakfast - 1.30, Regular Chai latte - 2.30, Large Speciality Tea - English breakfast - 1.60, Large Hot Chocolate - 1.70",8.5,CARD,4830197954327429
01/01/2020 14:09,Leeds,Cindy Drummond,"Large Hot Chocolate - 1.70, Regular Iced americano - 2.15, Large Hot Chocolate - 1.70",5.55,CASH,
01/01/2020 14:10,Leeds,Anthony Lawrence,Large Iced americano - 2.50,2.5,CARD,6036895049300166
01/01/2020 14:11,Leeds,Tyrone Ranum,Large Hot Chocolate - 1.70,1.7,CARD,5460057199865674
01/01/2020 14:12,Leeds,Russell Noya,"Regular Filter coffee - 1.50, Large Speciality Tea - English breakfast - 1.60, Regular Chai latte - 2.30",5.4,CARD,5665284517527558
01/01/2020 14:13,Leeds,Johnathan Barrett,"Large Hot Chocolate - 1.70, Regular Chai latte - 2.30, Large Filter coffee - 1.80, Large Filter coffee - 1.80, Large Filter coffee - 1.80, Large Iced americano - 2.50",11.9,CARD,7665927646259318
01/01/2020 14:14,Leeds,Philip Lawrence,"Large Speciality Tea - English breakfast - 1.60, Large Chai latte - 2.60, Regular Speciality Tea - English breakfast - 1.30",5.5,CARD,9646375764291939
01/01/2020 14:15,Leeds,Erika Holloway,Large Chai latte - 2.60,2.6,CARD,4137937764233048
01/01/2020 14:16,Leeds,Sarah Devlin,"Large Hot Chocolate - 1.70, Regular Speciality Tea - English breakfast - 1.30, Large Hot Chocolate - 1.70",4.7,CASH,
01/01/2020 14:17,Leeds,Wade Boggs,Regular Chai latte - 2.30,2.3,CARD,5928015594739702
01/01/2020 14:18,Leeds,Gail Martens,"Large Hot Chocolate - 1.70, Large Hot Chocolate - 1.70",3.4,CARD,7531310585190569
01/01/2020 14:19,Leeds,Lelia Stevens,"Large Chai latte - 2.60, Regular Iced americano - 2.15, Large Filter coffee - 1.80",6.55,CARD,1202818799366386
01/01/2020 14:20,Leeds,Frank Montenegro,"Large Hot Chocolate - 1.70, Large Iced americano - 2.50, Large Chai latte - 2.60, Regular Iced americano - 2.15, Large Speciality Tea - English breakfast - 1.60, Regular Filter coffee - 1.50",12.05,CASH,
01/01/2020 14:21,Leeds,Joan Davey,"Regular Speciality Tea - English breakfast - 1.30, Regular Speciality Tea - English breakfast - 1.30, Large Hot Chocolate - 1.70",4.3,CARD,8291175295333809
01/01/2020 14:21,Leeds,Arthur Rocha,Regular Filter coffee - 1.50,1.5,CARD,9710175332938310
01/01/2020 14:22,Leeds,Zachary Mcnamee,Regular Chai latte - 2.30,2.3,CARD,6830637751429113
01/01/2020 14:23,Leeds,Gary Walker,Regular Filter coffee - 1.50,1.5,CARD,2361893952352996
01/01/2020 14:24,Leeds,Eva Weaver,"Regular Filter coffee - 1.50, Regular Chai latte - 2.30, Regular Filter coffee - 1.50",5.3,CASH,
01/01/2020 14:25,Leeds,Thomas Braund,"Large Filter coffee - 1.80, Large Filter coffee - 1.80",3.6,CARD,5976624138579074
01/01/2020 14:26,Leeds,Sean Selph,"Regular Iced americano - 2.15, Large Iced americano - 2.50, Large Filter coffee - 1.80, Large Chai latte - 2.60",9.05,CASH,
01/01/2020 14:27,Leeds,James Pritts,"Large Speciality Tea - English breakfast - 1.60, Large Iced americano - 2.50, Regular Iced americano - 2.15, Large Speciality Tea - English breakfast - 1.60",7.85,CASH,
01/01/2020 14:28,Leeds,Michael Romeo,"Regular Iced americano - 2.15, Large Speciality Tea - English breakfast - 1.60, Large Iced americano - 2.50",6.25,CASH,
01/01/2020 14:29,Leeds,Nicholas Blaize,"Regular Iced americano - 2.15, Large Filter coffee - 1.80, Large Speciality Tea - English breakfast - 1.60, Regular Filter coffee - 1.50",7.05,CARD,4680012972805194
01/01/2020 14:30,Leeds,Ronald Boulds,"Regular Speciality Tea - English breakfast - 1.30, Large Chai latte - 2.60",3.9,CASH,
01/01/2020 14:31,Leeds,Carlos Beauvais,"Regular Hot Chocolate - 1.40, Large Filter coffee - 1.80, Large Iced americano - 2.50",5.7,CARD,9950617158558383
01/01/2020 14:32,Leeds,Dennis Seddon,"Regular Chai latte - 2.30, Large Filter coffee - 1.80",4.1,CARD,6244568632081307
01/01/2020 14:33,Leeds,Nancy Armenta,Large Chai latte - 2.60,2.6,CARD,5615241804814021
01/01/2020 14:34,Leeds,Aaron Turner,"Regular Hot Chocolate - 1.40, Large Filter coffee - 1.80, Regular Filter coffee - 1.50, Regular Iced americano - 2.15",6.85,CARD,1926299144300391
01/01/2020 14:35,Leeds,Katherine Mcdermott,"Large Filter coffee - 1.80, Regular Filter coffee - 1.50, Large Chai latte - 2.60",5.9,CASH,
01/01/2020 14:36,Leeds,Erica Smith,"Regular Filter coffee - 1.50, Regular Iced americano - 2.15, Regular Filter coffee - 1.50, Regular Filter coffee - 1.50, Regular Filter coffee - 1.50",8.15,CARD,2555967493677901
01/01/2020 14:37,Leeds,Betty Byars,"Large Speciality Tea - English breakfast - 1.60, Regular Hot Chocolate - 1.40, Large Speciality Tea - English breakfast - 1.60, Large Hot Chocolate - 1.70, Regular Hot Chocolate - 1.40, Regular Filter coffee - 1.50",9.2,CARD,6431951696578955
01/01/2020 14:38,Leeds,Eric Boldt,"Large Filter coffee - 1.80, Regular Hot Chocolate - 1.40, Large Speciality Tea - English breakfast - 1.60",4.8,CARD,6207330976465170
01/01/2020 14:39,Leeds,Janice Tigner,"Regular Speciality Tea - English breakfast - 1.30, Regular Hot Chocolate - 1.40",2.7,CARD,7557444147357659
01/01/2020 14:40,Leeds,Gary Webb,Large Filter coffee - 1.80,1.8,CARD,7103223877465789
01/01/2020 14:40,Leeds,Felipe Christie,"Regular Filter coffee - 1.50, Regular Iced americano - 2.15, Large Filter coffee - 1.80, Large Filter coffee - 1.80",7.25,CARD,3946847619185310
01/01/2020 14:41,Leeds,Kay Marsalis,"Large Iced americano - 2.50, Regular Hot Chocolate - 1.40, Large Filter coffee - 1.80",5.7,CARD,7285068439231751
01/01/2020 14:42,Leeds,Marcell Black,"Large Chai latte - 2.60, Regular Filter coffee - 1.50, Regular Speciality Tea - English breakfast - 1.30, Large Chai latte - 2.60",8.0,CASH,
01/01/2020 14:43,Leeds,Lorretta Escalera,"Regular Iced americano - 2.15, Large Chai latte - 2.60, Regular Chai latte - 2.30",7.05,CARD,3483937938293052
01/01/2020 14:44,Leeds,Robert Motte,"Regular Iced americano - 2.15, Large Filter coffee - 1.80, Large Speciality Tea - English breakfast - 1.60",5.55,CARD,9815422691241256
01/01/2020 14:45,Leeds,Louis Canter,"Regular Filter coffee - 1.50, Large Chai latte - 2.60, Large Filter coffee - 1.80, Large Iced americano - 2.50, Large Hot Chocolate - 1.70",10.1,CARD,3080703475596973
01/01/2020 14:46,Leeds,Susan Choquette,"Regular Hot Chocolate - 1.40, Large Filter coffee - 1.80",3.2,CARD,3204948049825262
01/01/2020 14:47,Leeds,Katie Watkins,"Large Filter coffee - 1.80, Regular Speciality Tea - English breakfast - 1.30",3.1,CASH,
01/01/2020 14:48,Leeds,Melinda Schmitz,"Large Speciality Tea - English breakfast - 1.60, Large Hot Chocolate - 1.70",3.3,CASH,
01/01/2020 14:49,Leeds,Don Catapano,"Large Chai latte - 2.60, Regular Iced americano - 2.15, Large Filter coffee - 1.80, Regular Speciality Tea - English breakfast - 1.30, Large Speciality Tea - English breakfast - 1.60",9.45,CARD,9429034711637927
01/01/2020 14:50,Leeds,Branden Willson,"Large Speciality Tea - English breakfast - 1.60, Regular Iced americano - 2.15, Large Hot Chocolate - 1.70, Regular Filter coffee - 1.50, Large Iced americano - 2.50, Regular Filter coffee - 1.50",10.95,CARD,2438409649120078
01/01/2020 14:51,Leeds,John Coburn,Regular Speciality Tea - English breakfast - 1.30,1.3,CARD,4313889362020419
01/01/2020 14:52,Leeds,Nicole Littich,"Large Filter coffee - 1.80, Regular Iced americano - 2.15, Regular Hot Chocolate - 1.40, Regular Hot Chocolate - 1.40, Large Iced americano - 2.50",9.25,CASH,
01/01/2020 14:53,Leeds,Michael Stupak,"Regular Filter coffee - 1.50, Large Speciality Tea - English breakfast - 1.60, Large Chai latte - 2.60, Large Speciality Tea - English breakfast - 1.60",7.3,CARD,1765617624141564
01/01/2020 14:54,Leeds,Edward Huggins,Regular Chai latte - 2.30,2.3,CARD,9965014847215114
01/01/2020 14:55,Leeds,Heather Hutson,"Large Speciality Tea - English breakfast - 1.60, Regular Hot Chocolate - 1.40, Regular Hot Chocolate - 1.40, Large Chai latte - 2.60",7.0,CARD,4980682873270860
01/01/2020 14:56,Leeds,Ernest Kutzner,"Regular Filter coffee - 1.50, Regular Hot Chocolate - 1.40, Large Chai latte - 2.60, Regular Filter coffee - 1.50",7.0,CASH,
01/01/2020 14:57,Leeds,Betty Soule,Regular Hot Chocolate - 1.40,1.4,CARD,8913114845802182
01/01/2020 14:58,Leeds,Karen Ahlstrom,"Large Hot Chocolate - 1.70, Large Chai latte - 2.60",4.3,CARD,7859615895225630
01/01/2020 14:59,Leeds,Aaron Riley,"Large Speciality Tea - English breakfast - 1.60, Regular Hot Chocolate - 1.40, Large Filter coffee - 1.80",4.8,CARD,1564531630361179
01/01/2020 14:59,Leeds,Mary Robinson,Large Hot Chocolate - 1.70,1.7,CARD,8689353745415167
01/01/2020 15:00,Leeds,Caitlin Arnold,"Regular Filter coffee - 1.50, Regular Filter coffee - 1.50",3.0,CARD,3930070808327461
01/01/2020 15:01,Leeds,Lona Tucker,Regular Iced americano - 2.15,2.15,CASH,
01/01/2020 15:02,Leeds,Gertrude Hendrix,Large Chai latte - 2.60,2.6,CASH,
01/01/2020 15:03,Leeds,Larry Pearson,Regular Iced americano - 2.15,2.15,CASH,
01/01/2020 15:04,Leeds,George Lebel,"Large Iced americano - 2.50, Large Chai latte - 2.60, Regular Speciality Tea - English breakfast - 1.30, Large Filter coffee - 1.80, Regular Iced americano - 2.15",10.35,CASH,
01/01/2020 15:05,Leeds,Michelle Wight,"Large Filter coffee - 1.80, Large Chai latte - 2.60, Regular Hot Chocolate - 1.40",5.8,CARD,7735125140033026
01/01/2020 15:06,Leeds,Andre Eldridge,"Regular Chai latte - 2.30, Large Filter coffee - 1.80, Regular Filter coffee - 1.50, Large Chai latte - 2.60",8.2,CARD,6900641622581187
01/01/2020 15:07,Leeds,Ada Ortiz,Large Speciality Tea - English breakfast - 1.60,1.6,CARD,5235660048056589
01/01/2020 15:07,Leeds,Linda Mazur,"Regular Filter coffee - 1.50, Regular Speciality Tea - English breakfast - 1.30, Large Chai latte - 2.60, Large Hot Chocolate - 1.70, Large Chai latte - 2.60",9.7,CASH,
01/01/2020 15:08,Leeds,Inez Whipple,Large Speciality Tea - English breakfast - 1.60,1.6,CASH,
01/01/2020 15:09,Leeds,Anthony Stanley,"Large Iced americano - 2.50, Regular Filter coffee - 1.50, Large Filter coffee - 1.80, Large Chai latte - 2.60",8.4,CARD,2306264948460702
01/01/2020 15:10,Leeds,Luz Hamilton,"Regular Iced americano - 2.15, Regular Hot Chocolate - 1.40, Regular Speciality Tea - English breakfast - 1.30",4.85,CARD,3714095893595619
01/01/2020 15:11,Leeds,Sarah Sims,"Regular Speciality Tea - English breakfast - 1.30, Large Filter coffee - 1.80",3.1,CARD,1547928287505343
01/01/2020 15:12,Leeds,Leanne Sutton,Large Hot Chocolate - 1.70,1.7,CASH,
01/01/2020 15:13,Leeds,Betty Plunkett,"Large Speciality Tea - English breakfast - 1.60, Large Filter coffee - 1.80, Large Filter coffee - 1.80, Regular Hot Chocolate - 1.40, Regular Chai latte - 2.30, Regular Chai latte - 2.30",11.2,CARD,1573161520454121
01/01/2020 15:14,Leeds,Jack Mcdonald,"Regular Hot Chocolate - 1.40, Regular Chai latte - 2.30",3.7,CARD,9045455288657823
01/01/2020 15:14,Leeds,Dale Thomas,Regular Filter coffee - 1.50,1.5,CASH,
01/01/2020 15:15,Leeds,June Armand,"Regular Chai latte - 2.30, Large Iced americano - 2.50, Regular Chai latte - 2.30",7.1,CARD,3918111454136716
01/01/2020 15:16,Leeds,Carol Walker,Large Hot Chocolate - 1.70,1.7,CARD,1684525207335931
01/01/2020 15:17,Leeds,Linda Meredith,Regular Chai latte - 2.30,2.3,CARD,5381027832155436
01/01/2020 15:18,Leeds,Williams Price,"Large Speciality Tea - English breakfast - 1.60, Regular Speciality Tea - English breakfast - 1.30",2.9,CASH,
01/01/2020 15:19,Leeds,Elizabeth Clukey,Regular Chai latte - 2.30,2.3,CASH,
01/01/2020 15:20,Leeds,John Vega,"Large Hot Chocolate - 1.70, Large Iced americano - 2.50, Regular Filter coffee - 1.50, Regular Speciality Tea - English breakfast - 1.30",7.0,CARD,3286188978259304
01/01/2020 15:21,Leeds,Glen Greenley,"Regular Chai latte - 2.30, Large Chai latte - 2.60, Large Hot Chocolate - 1.70",6.6,CASH,
01/01/2020 15:21,Leeds,Christine Castor,"Large Filter coffee - 1.80, Large Iced americano - 2.50, Large Filter coffee - 1.80, Regular Hot Chocolate - 1.40, Regular Speciality Tea - English breakfast - 1.30",8.8,CASH,
01/01/2020 15:22,Leeds,Kevin Brazill,"Large Hot Chocolate - 1.70, Regular Iced americano - 2.15",3.85,CARD,5025277878999678
01/01/2020 15:23,Leeds,John Ayer,Large Hot Chocolate - 1.70,1.7,CARD,7362382876542276
01/01/2020 15:24,Leeds,Sandra Harrington,"Large Filter coffee - 1.80, Large Chai latte - 2.60, Large Hot Chocolate - 1.70, Large Hot Chocolate - 1.70, Large Hot Chocolate - 1.70",9.5,CARD,3478830860179983
01/01/2020 15:25,Leeds,Katherine Hernandez,"Large Iced americano - 2.50, Regular Speciality Tea - English breakfast - 1.30",3.8,CASH,
01/01/2020 15:26,Leeds,Sean Menter,"Large Hot Chocolate - 1.70, Large Iced americano - 2.50",4.2,CARD,4328665894993024
01/01/2020 15:27,Leeds,Dorothy Gibbon,"Large Filter coffee - 1.80, Large Hot Chocolate - 1.70",3.5,CARD,3904515925861758
01/01/2020 15:28,Leeds,Michael Kafka,"Large Speciality Tea - English breakfast - 1.60, Regular Speciality Tea - English breakfast - 1.30",2.9,CARD,6625280892075208
01/01/2020 15:29,Leeds,Dante Jones,"Regular Speciality Tea - English breakfast - 1.30, Regular Hot Chocolate - 1.40",2.7,CARD,8954173785612257
01/01/2020 15:29,Leeds,Beverly Miller,"Regular Speciality Tea - English breakfast - 1.30, Regular Filter coffee - 1.50",2.8,CARD,2477947106383422
01/01/2020 15:30,Leeds,Michael Blackwell,Large Filter coffee - 1.80,1.8,CARD,6922825799830984
01/01/2020 15:31,Leeds,William Sommer,Regular Chai latte - 2.30,2.3,CASH,
01/01/2020 15:32,Leeds,Pauline Spruill,"Large Chai latte - 2.60, Regular Hot Chocolate - 1.40, Regular Iced americano - 2.15, Regular Iced americano - 2.15, Regular Chai latte - 2.30",10.6,CARD,9639626711064137
01/01/2020 15:33,Leeds,Hong Lopez,"Regular Filter coffee - 1.50, Regular Chai latte - 2.30, Regular Speciality Tea - English breakfast - 1.30, Regular Hot Chocolate - 1.40",6.5,CASH,
01/01/2020 15:34,Leeds,Johnny Shipman,"Regular Hot Chocolate - 1.40, Regular Chai latte - 2.30, Regular Chai latte - 2.30",6.0,CASH,
01/01/2020 15:35,Leeds,Michael Jamison,Large Speciality Tea - English breakfast - 1.60,1.6,CARD,5145557722417617
01/01/2020 15:36,Leeds,Jake Shallenberger,"Large Speciality Tea - English breakfast - 1.60, Large Iced americano - 2.50, Large Hot Chocolate - 1.70, Large Hot Chocolate - 1.70",7.5,CARD,5110063617019530
01/01/2020 15:36,Leeds,Ann Watts,"Large Chai latte - 2.60, Large Filter coffee - 1.80",4.4,CASH,
01/01/2020 15:37,Leeds,Francis Rivera,"Large Filter coffee - 1.80, Regular Filter coffee - 1.50",3.3,CASH,
01/01/2020 15:38,Leeds,Philip Browne,"Large Chai latte - 2.60, Large Chai latte - 2.60",5.2,CARD,8406438791332310
01/01/2020 15:39,Leeds,Jennie Williams,"Large Iced americano - 2.50, Large Chai latte - 2.60",5.1,CARD,2796538336102600
01/01/2020 15:40,Leeds,Angel Malinowski,"Large Hot Chocolate - 1.70, Regular Hot Chocolate - 1.40",3.1,CASH,
01/01/2020 15:41,Leeds,Patricia Joyce,Regular Chai latte - 2.30,2.3,CARD,3329934345559157
01/01/2020 15:42,Leeds,Alfred Alvarado,"Large Filter coffee - 1.80, Large Filter coffee - 1.80, Large Chai latte - 2.60, Large Filter coffee - 1.80",8.0,CARD,6222505852756531
01/01/2020 15:43,Leeds,James Hutchins,"Regular Speciality Tea - English breakfast - 1.30, Large Chai latte - 2.60, Large Filter coffee - 1.80, Regular Chai latte - 2.30",8.0,CASH,
01/01/2020 15:43,Leeds,Ela Myers,"Large Filter coffee - 1.80, Regular Hot Chocolate - 1.40, Large Hot Chocolate - 1.70, Regular Chai latte - 2.30",7.2,CARD,3323424964627792
01/01/2020 15:44,Leeds,Eugene Shaw,"Large Speciality Tea - English breakfast - 1.60, Regular Chai latte - 2.30, Large Chai latte - 2.60, Regular Filter coffee - 1.50",8.0,CASH,
01/01/2020 15:45,Leeds,James Chaffin,Regular Filter coffee - 1.50,1.5,CARD,5808592915821069
01/01/2020 15:46,Leeds,Felecia Steele,"Large Speciality Tea - English breakfast - 1.60, Large Filter coffee - 1.80, Large Speciality Tea - English breakfast - 1.60, Large Filter coffee - 1.80",6.8,CASH,
01/01/2020 15:47,Leeds,Antonio Sincell,"Regular Iced americano - 2.15, Large Iced americano - 2.50, Large Filter coffee - 1.80",6.45,CARD,4741378041602763
01/01/2020 15:48,Leeds,Marcus Heyward,"Large Chai latte - 2.60, Regular Hot Chocolate - 1.40, Regular Filter coffee - 1.50",5.5,CASH,
01/01/2020 15:49,Leeds,Arthur Field,Regular Hot Chocolate - 1.40,1.4,CARD,1397291913895983
01/01/2020 15:50,Leeds,Tonya Holman,"Large Hot Chocolate - 1.70, Large Hot Chocolate - 1.70, Regular Hot Chocolate - 1.40",4.8,CARD,3974880028865291
01/01/2020 15:51,Leeds,Kenneth Dart,"Regular Speciality Tea - English breakfast - 1.30, Regular Hot Chocolate - 1.40",2.7,CARD,8611727067080984
01/01/2020 15:51,Leeds,Ismael Watkins,"Large Speciality Tea - English breakfast - 1.60, Regular Iced americano - 2.15",3.75,CASH,
01/01/2020 15:52,Leeds,Gene Rudolph,Large Filter coffee - 1.80,1.8,CARD,2440301127594131
01/01/2020 15:53,Leeds,Justin Hammonds,Regular Chai latte - 2.30,2.3,CARD,4793894661641612
01/01/2020 15:54,Leeds,James Lowery,"Regular Filter coffee - 1.50, Regular Iced americano - 2.15, Large Filter coffee - 1.80, Regular Filter coffee - 1.50",6.95,CASH,
01/01/2020 15:55,Leeds,Marie Anderson,"Regular Filter coffee - 1.50, Regular Filter coffee - 1.50, Large Chai latte - 2.60, Regular Speciality Tea - English breakfast - 1.30, Large Filter coffee - 1.80, Regular Chai latte - 2.30",11.0,CASH,
01/01/2020 15:56,Leeds,Neil Anderson,"Regular Iced americano - 2.15, Large Iced americano - 2.50",4.65,CARD,7103503218798416
01/01/2020 15:57,Leeds,Rickey Mcdonald,"Large Speciality Tea - English breakfast - 1.60, Regular Chai latte - 2.30",3.9,CASH,
01/01/2020 15:58,Leeds,Thomas Castro,"Large Filter coffee - 1.80, Large Speciality Tea - English breakfast - 1.60",3.4,CARD,1103480934609030
01/01/2020 15:58,Leeds,Norma Perez,"Large Hot Chocolate - 1.70, Large Filter coffee - 1.80, Large Chai latte - 2.60, Large Filter coffee - 1.80",7.9,CARD,4455833986109218
01/01/2020 15:59,Leeds,Mary Morris,"Large Filter coffee - 1.80, Large Filter coffee - 1.80, Regular Hot Chocolate - 1.40, Regular Speciality Tea - English breakfast - 1.30, Regular Chai latte - 2.30",8.6,CARD,9278262981133658
01/01/2020 16:00,Leeds,Elena Kinkade,Regular Speciality Tea - English breakfast - 1.30,1.3,CASH,
01/01/2020 16:02,Leeds,Nathaniel Young,"Large Iced americano - 2.50, Regular Chai latte - 2.30, Regular Hot Chocolate - 1.40",6.2,CARD,4247330962255088
01/01/2020 16:04,Leeds,Trisha Riggio,"Regular Speciality Tea - English breakfast - 1.30, Regular Hot Chocolate - 1.40",2.7,CASH,
01/01/2020 16:06,Leeds,James Cearley,"Regular Speciality Tea - English breakfast - 1.30, Regular Chai latte - 2.30, Regular Chai latte - 2.30, Large Filter coffee - 1.80, Regular Iced americano - 2.15, Large Speciality Tea - English breakfast - 1.60",11.45,CARD,4504172384548876
01/01/2020 16:07,Leeds,Harry Ross,"Large Filter coffee - 1.80, Regular Filter coffee - 1.50",3.3,CARD,1623087617569086
01/01/2020 16:09,Leeds,Allen Quarterman,"Large Chai latte - 2.60, Large Chai latte - 2.60",5.2,CARD,6109777574360040
01/01/2020 16:11,Leeds,Teresa Edelen,Large Iced americano - 2.50,2.5,CARD,5960969855421874
01/01/2020 16:13,Leeds,Misty West,Regular Chai latte - 2.30,2.3,CARD,3838113359342692
01/01/2020 16:14,Leeds,Sherry Ansari,"Large Iced americano - 2.50, Regular Speciality Tea - English breakfast - 1.30",3.8,CARD,6951817351487793
01/01/2020 16:16,Leeds,Eric Beasley,"Regular Speciality Tea - English breakfast - 1.30, Large Chai latte - 2.60",3.9,CARD,4144990869764555
01/01/2020 16:18,Leeds,Kent Bodily,"Regular Filter coffee - 1.50, Large Iced americano - 2.50, Regular Chai latte - 2.30, Large Speciality Tea - English breakfast - 1.60, Large Iced americano - 2.50",10.4,CARD,2477730063198785
01/01/2020 16:20,Leeds,Juanita Shannon,"Large Speciality Tea - English breakfast - 1.60, Large Speciality Tea - English breakfast - 1.60, Regular Filter coffee - 1.50, Regular Filter coffee - 1.50, Large Iced americano - 2.50",8.7,CASH,
01/01/2020 16:21,Leeds,Robert Schmitt,Regular Hot Chocolate - 1.40,1.4,CARD,6564235988082245
01/01/2020 16:23,Leeds,Javier Bishop,Large Hot Chocolate - 1.70,1.7,CASH,
01/01/2020 16:25,Leeds,Lavonda Jefferson,"Large Speciality Tea - English breakfast - 1.60, Large Speciality Tea - English breakfast - 1.60, Regular Filter coffee - 1.50, Large Chai latte - 2.60, Regular Filter coffee - 1.50, Regular Iced americano - 2.15",10.95,CASH,
01/01/2020 16:27,Leeds,Sonja Russell,Regular Chai latte - 2.30,2.3,CARD,9328292736512386
01/01/2020 16:28,Leeds,Judith Chaney,Large Filter coffee - 1.80,1.8,CARD,1945773365757781
01/01/2020 16:30,Leeds,Terry Stokes,Regular Iced americano - 2.15,2.15,CARD,3664938984950051
01/01/2020 16:32,Leeds,Kelli Garrison,Large Iced americano - 2.50,2.5,CARD,5262603331175818
01/01/2020 16:34,Leeds,Dorothy Bell,Regular Chai latte - 2.30,2.3,CARD,4571438361836076
01/01/2020 16:35,Leeds,Rebecca Quesenberry,"Large Chai latte - 2.60, Large Speciality Tea - English breakfast - 1.60",4.2,CASH,
01/01/2020 16:37,Leeds,Benjamin Bennett,"Regular Speciality Tea - English breakfast - 1.30, Large Speciality Tea - English breakfast - 1.60",2.9,CARD,4294281431858711
01/01/2020 16:39,Leeds,Paul Cichy,Large Iced americano - 2.50,2.5,CARD,4009171537628961
01/01/2020 16:41,Leeds,Jonathan Kolasinski,"Large Chai latte - 2.60, Regular Chai latte - 2.30, Large Speciality Tea - English breakfast - 1.60",6.5,CARD,9207317976690927
01/01/2020 16:42,Leeds,Geraldine Choi,"Large Chai latte - 2.60, Regular Iced americano - 2.15",4.75,CARD,8659319488807957
01/01/2020 16:44,Leeds,Joseph Price,"Large Speciality Tea - English breakfast - 1.60, Large Chai latte - 2.60",4.2,CARD,2651324475831874
01/01/2020 16:46,Leeds,Ralph Bearden,"Large Iced americano - 2.50, Large Filter coffee - 1.80, Large Chai latte - 2.60",6.9,CARD,8980317040146049
01/01/2020 16:48,Leeds,Richard Brent,"Regular Iced americano - 2.15, Large Hot Chocolate - 1.70",3.85,CARD,9440484334769837
01/01/2020 16:49,Leeds,Ashley Engel,"Large Chai latte - 2.60, Regular Filter coffee - 1.50, Regular Speciality Tea - English breakfast - 1.30, Regular Filter coffee - 1.50, Regular Chai latte - 2.30",9.2,CARD,1956437767253328
01/01/2020 16:51,Leeds,Lionel Pino,"Large Filter coffee - 1.80, Regular Iced americano - 2.15, Large Speciality Tea - English breakfast - 1.60",5.55,CARD,5343300269955008
01/01/2020 16:53,Leeds,Minnie Mcdonald,"Regular Chai latte - 2.30, Regular Iced americano - 2.15",4.45,CARD,3153153756416094
01/01/2020 16:55,Leeds,Marie Cisneros,"Large Speciality Tea - English breakfast - 1.60, Regular Hot Chocolate - 1.40, Regular Iced americano - 2.15, Regular Filter coffee - 1.50",6.65,CARD,7770437490424715
01/01/2020 16:56,Leeds,Carol Chavez,"Regular Filter coffee - 1.50, Large Filter coffee - 1.80",3.3,CARD,4870546701388677
01/01/2020 16:58,Leeds,Richard Grubbs,"Regular Speciality Tea - English breakfast - 1.30, Large Hot Chocolate - 1.70, Large Chai latte - 2.60, Large Speciality Tea - English breakfast - 1.60",7.2,CARD,1315189045110225
